situation,worksheetName,rowNum,excelIndicatorId,reason,formula
ref,Remplissage - Sit. Ref.,1080,LivrNuitRefDecal1,non parsée,"'=INDEX('Remplissage - Sit. Init.'!$K$1594:$K$1728, 1 + 3 * ($O1080))"
ref,Remplissage - Sit. Ref.,1081,LivrNuitRefDecal2,non parsée,"'=INDEX('Remplissage - Sit. Init.'!$K$1594:$K$1728, 1 + 3 * ($O1081))"
ref,Remplissage - Sit. Ref.,1082,LivrNuitRefDecal3,non parsée,"'=INDEX('Remplissage - Sit. Init.'!$K$1594:$K$1728, 1 + 3 * ($O1082))"
ref,Remplissage - Sit. Ref.,1083,LivrNuitRefDecal4,non parsée,"'=INDEX('Remplissage - Sit. Init.'!$K$1594:$K$1728, 1 + 3 * ($O1083))"
ref,Remplissage - Sit. Ref.,1084,LivrNuitRefDecal5,non parsée,"'=INDEX('Remplissage - Sit. Init.'!$K$1594:$K$1728, 1 + 3 * ($O1084))"
ref,Remplissage - Sit. Ref.,1085,LivrNuitRefDecal6,non parsée,"'=INDEX('Remplissage - Sit. Init.'!$K$1594:$K$1728, 1 + 3 * ($O1085))"
ref,Remplissage - Sit. Ref.,1086,LivrNuitRefDecal7,non parsée,"'=INDEX('Remplissage - Sit. Init.'!$K$1594:$K$1728, 1 + 3 * ($O1086))"
ref,Remplissage - Sit. Ref.,1087,LivrNuitRefDecal8,non parsée,"'=INDEX('Remplissage - Sit. Init.'!$K$1594:$K$1728, 1 + 3 * ($O1087))"
ref,Remplissage - Sit. Ref.,1088,LivrNuitRefDecal9,non parsée,"'=INDEX('Remplissage - Sit. Init.'!$K$1594:$K$1728, 1 + 3 * ($O1088))"
ref,Remplissage - Sit. Ref.,1089,LivrNuitRefDecal10,non parsée,"'=INDEX('Remplissage - Sit. Init.'!$K$1594:$K$1728, 1 + 3 * ($O1089))"
ref,Remplissage - Sit. Ref.,1090,LivrNuitRefDecal11,non parsée,"'=INDEX('Remplissage - Sit. Init.'!$K$1594:$K$1728, 1 + 3 * ($O1090))"
ref,Remplissage - Sit. Ref.,1091,LivrNuitRefDecal12,non parsée,"'=INDEX('Remplissage - Sit. Init.'!$K$1594:$K$1728, 1 + 3 * ($O1091))"
ref,Remplissage - Sit. Ref.,1092,LivrNuitRefDecal13,non parsée,"'=INDEX('Remplissage - Sit. Init.'!$K$1594:$K$1728, 1 + 3 * ($O1092))"
ref,Remplissage - Sit. Ref.,1093,LivrNuitRefDecal14,non parsée,"'=INDEX('Remplissage - Sit. Init.'!$K$1594:$K$1728, 1 + 3 * ($O1093))"
ref,Remplissage - Sit. Ref.,1094,LivrNuitRefDecal15,non parsée,"'=INDEX('Remplissage - Sit. Init.'!$K$1594:$K$1728, 1 + 3 * ($O1094))"
ref,Remplissage - Sit. Ref.,1095,LivrNuitRefDecal16,non parsée,"'=INDEX('Remplissage - Sit. Init.'!$K$1594:$K$1728, 1 + 3 * ($O1095))"
ref,Remplissage - Sit. Ref.,1096,LivrNuitRefDecal17,non parsée,"'=INDEX('Remplissage - Sit. Init.'!$K$1594:$K$1728, 1 + 3 * ($O1096))"
ref,Remplissage - Sit. Ref.,1097,LivrNuitRefDecal18,non parsée,"'=INDEX('Remplissage - Sit. Init.'!$K$1594:$K$1728, 1 + 3 * ($O1097))"
ref,Remplissage - Sit. Ref.,1098,LivrNuitRefDecal19,non parsée,"'=INDEX('Remplissage - Sit. Init.'!$K$1594:$K$1728, 1 + 3 * ($O1098))"
ref,Remplissage - Sit. Ref.,1099,LivrNuitRefDecal20,non parsée,"'=INDEX('Remplissage - Sit. Init.'!$K$1594:$K$1728, 1 + 3 * ($O1099))"
ref,Remplissage - Sit. Ref.,1100,LivrNuitRefDecal21,non parsée,"'=INDEX('Remplissage - Sit. Init.'!$K$1594:$K$1728, 1 + 3 * ($O1100))"
ref,Remplissage - Sit. Ref.,1101,LivrNuitRefDecal22,non parsée,"'=INDEX('Remplissage - Sit. Init.'!$K$1594:$K$1728, 1 + 3 * ($O1101))"
ref,Remplissage - Sit. Ref.,1102,LivrNuitRefDecal23,non parsée,"'=INDEX('Remplissage - Sit. Init.'!$K$1594:$K$1728, 1 + 3 * ($O1102))"
ref,Remplissage - Sit. Ref.,1103,LivrNuitRefDecal24,non parsée,"'=INDEX('Remplissage - Sit. Init.'!$K$1594:$K$1728, 1 + 3 * ($O1103))"
ref,Remplissage - Sit. Ref.,1104,LivrNuitRefDecal25,non parsée,"'=INDEX('Remplissage - Sit. Init.'!$K$1594:$K$1728, 1 + 3 * ($O1104))"
ref,Remplissage - Sit. Ref.,1105,LivrNuitRefDecal26,non parsée,"'=INDEX('Remplissage - Sit. Init.'!$K$1594:$K$1728, 1 + 3 * ($O1105))"
ref,Remplissage - Sit. Ref.,1106,LivrNuitRefDecal27,non parsée,"'=INDEX('Remplissage - Sit. Init.'!$K$1594:$K$1728, 1 + 3 * ($O1106))"
ref,Remplissage - Sit. Ref.,1107,LivrNuitRefDecal28,non parsée,"'=INDEX('Remplissage - Sit. Init.'!$K$1594:$K$1728, 1 + 3 * ($O1107))"
ref,Remplissage - Sit. Ref.,1108,LivrNuitRefDecal29,non parsée,"'=INDEX('Remplissage - Sit. Init.'!$K$1594:$K$1728, 1 + 3 * ($O1108))"
ref,Remplissage - Sit. Ref.,1109,LivrNuitRefDecal30,non parsée,"'=INDEX('Remplissage - Sit. Init.'!$K$1594:$K$1728, 1 + 3 * ($O1109))"
ref,Remplissage - Sit. Ref.,1110,LivrNuitRefDecal31,non parsée,"'=INDEX('Remplissage - Sit. Init.'!$K$1594:$K$1728, 1 + 3 * ($O1110))"
ref,Remplissage - Sit. Ref.,1111,LivrNuitRefDecal32,non parsée,"'=INDEX('Remplissage - Sit. Init.'!$K$1594:$K$1728, 1 + 3 * ($O1111))"
ref,Remplissage - Sit. Ref.,1112,LivrNuitRefDecal33,non parsée,"'=INDEX('Remplissage - Sit. Init.'!$K$1594:$K$1728, 1 + 3 * ($O1112))"
ref,Remplissage - Sit. Ref.,1113,LivrNuitRefDecal34,non parsée,"'=INDEX('Remplissage - Sit. Init.'!$K$1594:$K$1728, 1 + 3 * ($O1113))"
ref,Remplissage - Sit. Ref.,1114,LivrNuitRefDecal35,non parsée,"'=INDEX('Remplissage - Sit. Init.'!$K$1594:$K$1728, 1 + 3 * ($O1114))"
ref,Remplissage - Sit. Ref.,1115,LivrNuitRefDecal36,non parsée,"'=INDEX('Remplissage - Sit. Init.'!$K$1594:$K$1728, 1 + 3 * ($O1115))"
ref,Remplissage - Sit. Ref.,1116,LivrNuitRefDecal37,non parsée,"'=INDEX('Remplissage - Sit. Init.'!$K$1594:$K$1728, 1 + 3 * ($O1116))"
ref,Remplissage - Sit. Ref.,1117,LivrNuitRefDecal38,non parsée,"'=INDEX('Remplissage - Sit. Init.'!$K$1594:$K$1728, 1 + 3 * ($O1117))"
ref,Remplissage - Sit. Ref.,1118,LivrNuitRefDecal39,non parsée,"'=INDEX('Remplissage - Sit. Init.'!$K$1594:$K$1728, 1 + 3 * ($O1118))"
ref,Remplissage - Sit. Ref.,1119,LivrNuitRefDecal40,non parsée,"'=INDEX('Remplissage - Sit. Init.'!$K$1594:$K$1728, 1 + 3 * ($O1119))"
ref,Remplissage - Sit. Ref.,1120,LivrNuitRefDecal41,non parsée,"'=INDEX('Remplissage - Sit. Init.'!$K$1594:$K$1728, 1 + 3 * ($O1120))"
ref,Remplissage - Sit. Ref.,1121,LivrNuitRefDecal42,non parsée,"'=INDEX('Remplissage - Sit. Init.'!$K$1594:$K$1728, 1 + 3 * ($O1121))"
ref,Remplissage - Sit. Ref.,1122,LivrNuitRefDecal43,non parsée,"'=INDEX('Remplissage - Sit. Init.'!$K$1594:$K$1728, 1 + 3 * ($O1122))"
ref,Remplissage - Sit. Ref.,1123,LivrNuitRefDecal44,non parsée,"'=INDEX('Remplissage - Sit. Init.'!$K$1594:$K$1728, 1 + 3 * ($O1123))"
ref,Remplissage - Sit. Ref.,1124,LivrNuitRefDecal45,non parsée,"'=INDEX('Remplissage - Sit. Init.'!$K$1594:$K$1728, 1 + 3 * ($O1124))"
prev,Remplissage - Sit. Prev.,1633,LivrNuitMassif1,non parsée,"'=--AND(F1632<>B1632,F1632<>"""") * K1632"
prev,Remplissage - Sit. Prev.,1636,LivrNuitMassif2,non parsée,"'=--AND(F1635<>B1635,F1635<>"""") * K1635"
prev,Remplissage - Sit. Prev.,1639,LivrNuitMassif3,non parsée,"'=--AND(F1638<>B1638,F1638<>"""") * K1638"
prev,Remplissage - Sit. Prev.,1642,LivrNuitMassif4,non parsée,"'=--AND(F1641<>B1641,F1641<>"""") * K1641"
prev,Remplissage - Sit. Prev.,1645,LivrNuitMassif5,non parsée,"'=--AND(F1644<>B1644,F1644<>"""") * K1644"
prev,Remplissage - Sit. Prev.,1648,LivrNuitMassif6,non parsée,"'=--AND(F1647<>B1647,F1647<>"""") * K1647"
prev,Remplissage - Sit. Prev.,1651,LivrNuitMassif7,non parsée,"'=--AND(F1650<>B1650,F1650<>"""") * K1650"
prev,Remplissage - Sit. Prev.,1654,LivrNuitMassif8,non parsée,"'=--AND(F1653<>B1653,F1653<>"""") * K1653"
prev,Remplissage - Sit. Prev.,1657,LivrNuitMassif9,non parsée,"'=--AND(F1656<>B1656,F1656<>"""") * K1656"
prev,Remplissage - Sit. Prev.,1660,LivrNuitMassif10,non parsée,"'=--AND(F1659<>B1659,F1659<>"""") * K1659"
prev,Remplissage - Sit. Prev.,1663,LivrNuitMassif11,non parsée,"'=--AND(F1662<>B1662,F1662<>"""") * K1662"
prev,Remplissage - Sit. Prev.,1666,LivrNuitMassif12,non parsée,"'=--AND(F1665<>B1665,F1665<>"""") * K1665"
prev,Remplissage - Sit. Prev.,1669,LivrNuitMassif13,non parsée,"'=--AND(F1668<>B1668,F1668<>"""") * K1668"
prev,Remplissage - Sit. Prev.,1672,LivrNuitMassif14,non parsée,"'=--AND(F1671<>B1671,F1671<>"""") * K1671"
prev,Remplissage - Sit. Prev.,1675,LivrNuitMassif15,non parsée,"'=--AND(F1674<>B1674,F1674<>"""") * K1674"
prev,Remplissage - Sit. Prev.,1678,LivrNuitMassif16,non parsée,"'=--AND(F1677<>B1677,F1677<>"""") * K1677"
prev,Remplissage - Sit. Prev.,1681,LivrNuitMassif17,non parsée,"'=--AND(F1680<>B1680,F1680<>"""") * K1680"
prev,Remplissage - Sit. Prev.,1684,LivrNuitMassif18,non parsée,"'=--AND(F1683<>B1683,F1683<>"""") * K1683"
prev,Remplissage - Sit. Prev.,1687,LivrNuitMassif19,non parsée,"'=--AND(F1686<>B1686,F1686<>"""") * K1686"
prev,Remplissage - Sit. Prev.,1690,LivrNuitMassif20,non parsée,"'=--AND(F1689<>B1689,F1689<>"""") * K1689"
prev,Remplissage - Sit. Prev.,1693,LivrNuitMassif21,non parsée,"'=--AND(F1692<>B1692,F1692<>"""") * K1692"
prev,Remplissage - Sit. Prev.,1696,LivrNuitMassif22,non parsée,"'=--AND(F1695<>B1695,F1695<>"""") * K1695"
prev,Remplissage - Sit. Prev.,1699,LivrNuitMassif23,non parsée,"'=--AND(F1698<>B1698,F1698<>"""") * K1698"
prev,Remplissage - Sit. Prev.,1702,LivrNuitMassif24,non parsée,"'=--AND(F1701<>B1701,F1701<>"""") * K1701"
prev,Remplissage - Sit. Prev.,1705,LivrNuitMassif25,non parsée,"'=--AND(F1704<>B1704,F1704<>"""") * K1704"
prev,Remplissage - Sit. Prev.,1708,LivrNuitMassif26,non parsée,"'=--AND(F1707<>B1707,F1707<>"""") * K1707"
prev,Remplissage - Sit. Prev.,1711,LivrNuitMassif27,non parsée,"'=--AND(F1710<>B1710,F1710<>"""") * K1710"
prev,Remplissage - Sit. Prev.,1714,LivrNuitMassif28,non parsée,"'=--AND(F1713<>B1713,F1713<>"""") * K1713"
prev,Remplissage - Sit. Prev.,1717,LivrNuitMassif29,non parsée,"'=--AND(F1716<>B1716,F1716<>"""") * K1716"
prev,Remplissage - Sit. Prev.,1720,LivrNuitMassif30,non parsée,"'=--AND(F1719<>B1719,F1719<>"""") * K1719"
prev,Remplissage - Sit. Prev.,1723,LivrNuitMassif31,non parsée,"'=--AND(F1722<>B1722,F1722<>"""") * K1722"
prev,Remplissage - Sit. Prev.,1726,LivrNuitMassif32,non parsée,"'=--AND(F1725<>B1725,F1725<>"""") * K1725"
prev,Remplissage - Sit. Prev.,1729,LivrNuitMassif33,non parsée,"'=--AND(F1728<>B1728,F1728<>"""") * K1728"
prev,Remplissage - Sit. Prev.,1732,LivrNuitMassif34,non parsée,"'=--AND(F1731<>B1731,F1731<>"""") * K1731"
prev,Remplissage - Sit. Prev.,1735,LivrNuitMassif35,non parsée,"'=--AND(F1734<>B1734,F1734<>"""") * K1734"
prev,Remplissage - Sit. Prev.,1738,LivrNuitMassif36,non parsée,"'=--AND(F1737<>B1737,F1737<>"""") * K1737"
prev,Remplissage - Sit. Prev.,1741,LivrNuitMassif37,non parsée,"'=--AND(F1740<>B1740,F1740<>"""") * K1740"
prev,Remplissage - Sit. Prev.,1744,LivrNuitMassif38,non parsée,"'=--AND(F1743<>B1743,F1743<>"""") * K1743"
prev,Remplissage - Sit. Prev.,1747,LivrNuitMassif39,non parsée,"'=--AND(F1746<>B1746,F1746<>"""") * K1746"
prev,Remplissage - Sit. Prev.,1750,LivrNuitMassif40,non parsée,"'=--AND(F1749<>B1749,F1749<>"""") * K1749"
prev,Remplissage - Sit. Prev.,1753,LivrNuitMassif41,non parsée,"'=--AND(F1752<>B1752,F1752<>"""") * K1752"
prev,Remplissage - Sit. Prev.,1756,LivrNuitMassif42,non parsée,"'=--AND(F1755<>B1755,F1755<>"""") * K1755"
prev,Remplissage - Sit. Prev.,1759,LivrNuitMassif43,non parsée,"'=--AND(F1758<>B1758,F1758<>"""") * K1758"
prev,Remplissage - Sit. Prev.,1762,LivrNuitMassif44,non parsée,"'=--AND(F1761<>B1761,F1761<>"""") * K1761"
prev,Remplissage - Sit. Prev.,1765,LivrNuitMassif45,non parsée,"'=--AND(F1764<>B1764,F1764<>"""") * K1764"
expost,Remplissage - Sit. Expost,1693,ELUTourneeTCCyclolog,non parsée,"'=IF(ISNUMBER(SEARCH('Remplissage - Sit. Expost'!$F$127,$F$2146)),1,0)"
expost,Remplissage - Sit. Expost,1694,ELUTourneeDistCyclolog,non parsée,"'=(IF(ISNUMBER(SEARCH('Remplissage - Sit. Expost'!$F$127,$F$2146)),1,0))*(IF(ISNUMBER(SEARCH(""La distance totale parcourue"",#REF!)),1,0))"
expost,Remplissage - Sit. Expost,1695,ELUTourneeNbCyclolog,non parsée,"'=(IF(ISNUMBER(SEARCH('Remplissage - Sit. Expost'!$F$127,$F$2146)),1,0))*(IF(ISNUMBER(SEARCH(""La distance moyenne d'un trajet et le nombre de trajets"",#REF!)),1,0))"
